source,address,url,rent_eur,summary,beds,baths,furnished
myhome.ie,"Richmond Avenue South, Dartry, Dublin 6, D06P2C8",https://www.myhome.iehttps://www.myhome.ie/rentals/brochure/richmond-avenue-south-dartry-dublin-6-d06p2c8/4969880,2500,,1,1,Unknown
myhome.ie,"4 Rathmore Grove, Tyrrelstown, Dublin 15, Tyrrelstown, Dublin 15, D15A5N5",https://www.myhome.iehttps://www.myhome.ie/rentals/brochure/4-rathmore-grove-tyrrelstown-dublin-15-tyrrelstown-dublin-15-d15a5n5/4962000,900,,1,1,Unknown
myhome.ie,"2 Haddington Way East, Beggars Bush, Dublin, Sandymount, Dublin 4, D04A3Y0",https://www.myhome.iehttps://www.myhome.ie/rentals/brochure/2-haddington-way-east-beggars-bush-dublin-sandymount-dublin-4-d04a3y0/4968610,3200,"2 beds, 1 bath",2,1,Unknown
myhome.ie,"2 Woodview Park Castleknock , Castleknock, Dublin 15",https://www.myhome.iehttps://www.myhome.ie/rentals/brochure/2-woodview-park-castleknock-castleknock-dublin-15/4964598,3200,,1,1,Unknown
myhome.ie,"Sorrento Road , Dalkey, South County Dublin",https://www.myhome.iehttps://www.myhome.ie/rentals/brochure/sorrento-road-dalkey-south-county-dublin/4966981,2295,"2 beds, 1 bath",2,1,Unknown
myhome.ie,"OAK APPLE GREEN, Rathgar, Dublin 6, D06P6V9",https://www.myhome.iehttps://www.myhome.ie/rentals/brochure/oak-apple-green-rathgar-dublin-6-d06p6v9/4967000,2500,"2 beds, 1 bath",2,1,Unknown
myhome.ie,"Barry Avenue, Finglas, Dublin 11",https://www.myhome.iehttps://www.myhome.ie/rentals/brochure/barry-avenue-finglas-dublin-11/4898977,3450,,1,1,Unknown
myhome.ie,"EGREMONT CHURCH ROAD KILLINEY CO.DUBLIN, Killiney, Dublin, A96KPH4",https://www.myhome.iehttps://www.myhome.ie/rentals/brochure/egremont-church-road-killiney-co-dublin-killiney-dublin-a96kph4/4960007,4200,,1,1,Unknown
myhome.ie,"6 Brookpark Finnstown Abbey, Lucan, Dublin County, K78 E525",https://www.myhome.iehttps://www.myhome.ie/rentals/brochure/6-brookpark-finnstown-abbey-lucan-dublin-county-k78-e525/4964488,4500,"5 beds, 3 baths",5,3,Unknown
myhome.ie,"Prussia St, Stoneybatter, Dublin 7",https://www.myhome.iehttps://www.myhome.ie/rentals/brochure/prussia-st-stoneybatter-dublin-7/4970520,6200,,1,1,Unknown
myhome.ie,"Lower Kilmacud Road, Mount Merrion, Stillorgan, Dublin",https://www.myhome.iehttps://www.myhome.ie/rentals/brochure/lower-kilmacud-road-mount-merrion-stillorgan-dublin/4943937,4500,,1,1,Unknown
myhome.ie,"Wellington Lane, Ballsbridge, Dublin 4",https://www.myhome.iehttps://www.myhome.ie/rentals/brochure/wellington-lane-ballsbridge-dublin-4/4963471,4176,,1,1,Unknown
myhome.ie,"Adelaide Strand Road, Sandymount, Dublin 4",https://www.myhome.iehttps://www.myhome.ie/rentals/brochure/adelaide-strand-road-sandymount-dublin-4/4969127,2783,,1,1,Unknown
myhome.ie,"Oaklands Terrance Terenure , Terenure, Dublin 6",https://www.myhome.iehttps://www.myhome.ie/rentals/brochure/oaklands-terrance-terenure-terenure-dublin-6/4965291,3400,,1,1,Unknown
myhome.ie,"Pembroke Road , Ballsbridge, Dublin 4",https://www.myhome.iehttps://www.myhome.ie/rentals/brochure/pembroke-road-ballsbridge-dublin-4/4964555,12000,,1,1,Unknown
myhome.ie,"Ardeevin House, Ardeevin Road, Dalkey, Dublin",https://www.myhome.iehttps://www.myhome.ie/rentals/brochure/ardeevin-house-ardeevin-road-dalkey-dublin/4964741,12000,,1,1,Unknown
myhome.ie,"Lawrence Grove , Clontarf, Dublin 3",https://www.myhome.iehttps://www.myhome.ie/rentals/brochure/lawrence-grove-clontarf-dublin-3/4967999,4500,,1,1,Unknown
myhome.ie,"52 Avoca Park, Blackrock, Co. Dublin, Blackrock, County Dublin",https://www.myhome.iehttps://www.myhome.ie/rentals/brochure/52-avoca-park-blackrock-co-dublin-blackrock-county-dublin/4966774,7000,,1,1,Unknown
myhome.ie,"The Burbidge Lansdowne Place Dublin 4, Dublin 4, Dublin",https://www.myhome.iehttps://www.myhome.ie/rentals/brochure/the-burbidge-lansdowne-place-dublin-4-dublin-4-dublin/4775580,13442,,1,1,Unknown
myhome.ie,"Glen Ellan Walk, Swords, County Dublin",https://www.myhome.iehttps://www.myhome.ie/rentals/brochure/glen-ellan-walk-swords-county-dublin/4965392,2700,,1,1,Unknown
myhome.ie,"Oldcourt Lodge, Firhouse, Dublin 24, D24K31A",https://www.myhome.iehttps://www.myhome.ie/rentals/brochure/oldcourt-lodge-firhouse-dublin-24-d24k31a/4840018,1850,"2 beds, 1 bath",2,1,Unknown
myhome.ie,"18a Edenmore Crescent, Raheny, Dublin 5, D05X4W2",https://www.myhome.iehttps://www.myhome.ie/rentals/brochure/18a-edenmore-crescent-raheny-dublin-5-d05x4w2/4969037,1490,"1 bed, 1 bath",1,1,Unknown
myhome.ie,"Upper Mount Pleasant Avenue, Ranelagh, Dublin 6",https://www.myhome.iehttps://www.myhome.ie/rentals/brochure/upper-mount-pleasant-avenue-ranelagh-dublin-6/4962405,5000,"4 beds, 2 baths",4,2,Unknown
myhome.ie,"13 cedarbrook walk cherry orchard dublin 10, Cherry Orchard, Dublin 10, D10D947",https://www.myhome.iehttps://www.myhome.ie/rentals/brochure/13-cedarbrook-walk-cherry-orchard-dublin-10-cherry-orchard-dublin-10-d10d947/4965649,2500,,1,1,Unknown
myhome.ie,"128 Parnell Road, Harolds Cross, Harold's Cross - D12, Dublin 12, D12Y573",https://www.myhome.iehttps://www.myhome.ie/rentals/brochure/128-parnell-road-harolds-cross-harold-s-cross-d12-dublin-12-d12y573/4968253,3000,,1,1,Unknown
myhome.ie,"11 Edenbrook Grove, Citywest, Dublin 24",https://www.myhome.iehttps://www.myhome.ie/rentals/brochure/11-edenbrook-grove-citywest-dublin-24/4970467,3000,,1,1,Unknown
myhome.ie,"29 Beaumont Drive, Churchtown, Dublin 14",https://www.myhome.iehttps://www.myhome.ie/rentals/brochure/29-beaumont-drive-churchtown-dublin-14/4970364,2800,,1,1,Unknown
myhome.ie,"6 The Orchard, Cherryfield Avenue Upper, Milltown, Dublin 6",https://www.myhome.iehttps://www.myhome.ie/rentals/brochure/6-the-orchard-cherryfield-avenue-upper-milltown-dublin-6/4970330,7000,,1,1,Unknown
myhome.ie,"Ballsbridge Wood, Shelbourne Road, Ballsbridge, Dublin 4",https://www.myhome.iehttps://www.myhome.ie/rentals/brochure/ballsbridge-wood-shelbourne-road-ballsbridge-dublin-4/4970309,3700,,1,1,Unknown
myhome.ie,"Balregan Cottage, Seafield Road, Killiney, County Dublin",https://www.myhome.iehttps://www.myhome.ie/rentals/brochure/balregan-cottage-seafield-road-killiney-county-dublin/4803618,3995,,1,1,Unknown
myhome.ie,"Oldbridge Glen, Lucan, Co. Dublin",https://www.myhome.iehttps://www.myhome.ie/rentals/brochure/oldbridge-glen-lucan-co-dublin/4970279,3500,,1,1,Unknown
myhome.ie,"65 Fitzroy Avenue, Drumcondra, Dublin 3",https://www.myhome.iehttps://www.myhome.ie/rentals/brochure/65-fitzroy-avenue-drumcondra-dublin-3/4970174,3000,,1,1,Unknown
myhome.ie,"Whitechurch Road , Rathfarnham, Dublin 16",https://www.myhome.iehttps://www.myhome.ie/rentals/brochure/whitechurch-road-rathfarnham-dublin-16/4953853,6500,,1,1,Unknown
myhome.ie,"Leeson place, Saint Kevin's, Dublin 2",https://www.myhome.iehttps://www.myhome.ie/rentals/brochure/leeson-place-saint-kevin-s-dublin-2/4970107,6500,,1,1,Unknown
myhome.ie,"2 Monte Vella, Barnhill Road, Dalkey, County Dublin",https://www.myhome.iehttps://www.myhome.ie/rentals/brochure/2-monte-vella-barnhill-road-dalkey-county-dublin/4799429,3250,,1,1,Unknown
myhome.ie,"36 Ballisk Court , Donabate, County Dublin",https://www.myhome.iehttps://www.myhome.ie/rentals/brochure/36-ballisk-court-donabate-county-dublin/4970064,2350,,1,1,Unknown
myhome.ie,"Rocks Yard Lane, Sandycove, County Dublin",https://www.myhome.iehttps://www.myhome.ie/rentals/brochure/rocks-yard-lane-sandycove-county-dublin/4376727,3180,,1,1,Unknown
myhome.ie,"Broadfield Court, Rathcoole, Co. Dublin",https://www.myhome.iehttps://www.myhome.ie/rentals/brochure/broadfield-court-rathcoole-co-dublin/4969925,1944,,1,1,Unknown
myhome.ie,"Sutton Grove, Sutton, Dublin 13, County Dublin",https://www.myhome.iehttps://www.myhome.ie/rentals/brochure/sutton-grove-sutton-dublin-13-county-dublin/4969888,2850,,1,1,Unknown
myhome.ie,"Luxury Retreat in Killiney, Killiney, County Dublin",https://www.myhome.iehttps://www.myhome.ie/rentals/brochure/luxury-retreat-in-killiney-killiney-county-dublin/4785541,17500,,1,1,Unknown
myhome.ie,"Thomas Davis Street, Christchurch, Dublin 8",https://www.myhome.iehttps://www.myhome.ie/rentals/brochure/thomas-davis-street-christchurch-dublin-8/4969801,2805,,1,1,Unknown
myhome.ie,"Dunsoghly, Saint Margaret's, Co. Dublin, St Margarets, Dublin",https://www.myhome.iehttps://www.myhome.ie/rentals/brochure/dunsoghly-saint-margaret-s-co-dublin-st-margarets-dublin/4969782,4000,,1,1,Unknown
myhome.ie,"Richelieu Park, Dublin 4",https://www.myhome.iehttps://www.myhome.ie/rentals/brochure/richelieu-park-dublin-4/4969771,4500,,1,1,Unknown
myhome.ie,"23 Rock Road, Blackrock, Co. Dublin",https://www.myhome.iehttps://www.myhome.ie/rentals/brochure/23-rock-road-blackrock-co-dublin/4969673,2850,,1,1,Unknown
myhome.ie,"1 Merrion Gardens , Ballsbridge, Dublin 4",https://www.myhome.iehttps://www.myhome.ie/rentals/brochure/1-merrion-gardens-ballsbridge-dublin-4/4953838,12000,,1,1,Unknown
myhome.ie,"Ellensborough Grove, Kiltipper, Dublin 24",https://www.myhome.iehttps://www.myhome.ie/rentals/brochure/ellensborough-grove-kiltipper-dublin-24/4969419,2700,,1,1,Unknown
myhome.ie,"135 Upper Leeson Street, Donnybrook, Dublin 4",https://www.myhome.iehttps://www.myhome.ie/rentals/brochure/135-upper-leeson-street-donnybrook-dublin-4/4969250,3814,,1,1,Unknown
myhome.ie,"Stonebridge Wood , Shankill, Dublin 18",https://www.myhome.iehttps://www.myhome.ie/rentals/brochure/stonebridge-wood-shankill-dublin-18/4966838,3100,,1,1,Unknown
myhome.ie,"Fforster Square, Lucan, Co. Dublin",https://www.myhome.iehttps://www.myhome.ie/rentals/brochure/fforster-square-lucan-co-dublin/4969175,1833,,1,1,Unknown
myhome.ie,"Tara View, Merrion Road, Ballsbridge, Dublin 4",https://www.myhome.iehttps://www.myhome.ie/rentals/brochure/tara-view-merrion-road-ballsbridge-dublin-4/4775785,4250,,1,1,Unknown
myhome.ie,"Eannafort, Raheny, Dublin 5",https://www.myhome.iehttps://www.myhome.ie/rentals/brochure/eannafort-raheny-dublin-5/4740280,3400,,1,1,Unknown
myhome.ie,"Collins Ave off, Donnycarney, Dublin 9",https://www.myhome.iehttps://www.myhome.ie/rentals/brochure/collins-ave-off-donnycarney-dublin-9/4930175,3500,,1,1,Unknown
myhome.ie,"Shackleton Lodge , Lucan, Dublin",https://www.myhome.iehttps://www.myhome.ie/rentals/brochure/shackleton-lodge-lucan-dublin/4964574,2900,,1,1,Unknown
myhome.ie,"105 Lansdowne Park, Ballsbridge, Dublin 4",https://www.myhome.iehttps://www.myhome.ie/rentals/brochure/105-lansdowne-park-ballsbridge-dublin-4/4968185,4200,,1,1,Unknown
myhome.ie,"Seabury Meadows , Malahide, Dublin",https://www.myhome.iehttps://www.myhome.ie/rentals/brochure/seabury-meadows-malahide-dublin/4968079,3600,,1,1,Unknown
myhome.ie,"Swiftbrook Drive, Tallaght, Dublin 24",https://www.myhome.iehttps://www.myhome.ie/rentals/brochure/swiftbrook-drive-tallaght-dublin-24/4967977,1891,,1,1,Unknown
myhome.ie,"Lynwood, 130 Stillorgan Road, Donnybrook, Dublin 4",https://www.myhome.iehttps://www.myhome.ie/rentals/brochure/lynwood-130-stillorgan-road-donnybrook-dublin-4/4961014,7000,,1,1,Unknown
myhome.ie,"53 Herbert Lane, Baggot Street, Dublin 2",https://www.myhome.iehttps://www.myhome.ie/rentals/brochure/53-herbert-lane-baggot-street-dublin-2/4967919,2410,,1,1,Unknown
myhome.ie,"Belmont Avenue, Donnybrook, Dublin 4",https://www.myhome.iehttps://www.myhome.ie/rentals/brochure/belmont-avenue-donnybrook-dublin-4/4967887,4324,,1,1,Unknown
myhome.ie,"10 Richmond Estate, Dublin 3, Dublin",https://www.myhome.iehttps://www.myhome.ie/rentals/brochure/10-richmond-estate-dublin-3-dublin/4967852,3200,,1,1,Unknown
myhome.ie,"Tyrconnell park, Inchicore, Dublin 8",https://www.myhome.iehttps://www.myhome.ie/rentals/brochure/tyrconnell-park-inchicore-dublin-8/4967808,3200,,1,1,Unknown
myhome.ie,"28 Bayside Square North, Bayside, Dublin 13",https://www.myhome.iehttps://www.myhome.ie/rentals/brochure/28-bayside-square-north-bayside-dublin-13/4962702,2500,,1,1,Unknown
myhome.ie,"Castlechurch Drive, Newcastle, County Dublin",https://www.myhome.iehttps://www.myhome.ie/rentals/brochure/castlechurch-drive-newcastle-county-dublin/4967528,3000,,1,1,Unknown
myhome.ie,"Glasaree Road, Finglas, Dublin 11",https://www.myhome.iehttps://www.myhome.ie/rentals/brochure/glasaree-road-finglas-dublin-11/4967404,2639,,1,1,Unknown
myhome.ie,"Alderwood Lawn, Springfield (Double Room To Rent), Tallaght, Dublin 24",https://www.myhome.iehttps://www.myhome.ie/rentals/brochure/alderwood-lawn-springfield-double-room-to-rent-tallaght-dublin-24/4967251,850,,1,1,Unknown
myhome.ie,"Glenpark Close, Palmerstown, Dublin 20",https://www.myhome.iehttps://www.myhome.ie/rentals/brochure/glenpark-close-palmerstown-dublin-20/4967227,2300,,1,1,Unknown
myhome.ie,"Churchgate, Clonsilla, Dublin 15",https://www.myhome.iehttps://www.myhome.ie/rentals/brochure/churchgate-clonsilla-dublin-15/4967205,3000,,1,1,Unknown
myhome.ie,"Barrons Hall Grove, Balbriggan, Co. Dublin",https://www.myhome.iehttps://www.myhome.ie/rentals/brochure/barrons-hall-grove-balbriggan-co-dublin/4967190,1544,,1,1,Unknown
myhome.ie,"Durham Road, Sandymount, Dublin 4",https://www.myhome.iehttps://www.myhome.ie/rentals/brochure/durham-road-sandymount-dublin-4/4967071,7000,,1,1,Unknown
myhome.ie,"Glenamuck Cottages , Carrickmines, Dublin 18",https://www.myhome.iehttps://www.myhome.ie/rentals/brochure/glenamuck-cottages-carrickmines-dublin-18/4843253,3250,,1,1,Unknown
myhome.ie,"The Penthouse @ Rockpoint, Newtown Avenue, Blackrock, County Dublin",https://www.myhome.iehttps://www.myhome.ie/rentals/brochure/the-penthouse-rockpoint-newtown-avenue-blackrock-county-dublin/4965816,15000,,1,1,Unknown
myhome.ie,"41 Seamount Rise, Malahide, County Dublin",https://www.myhome.iehttps://www.myhome.ie/rentals/brochure/41-seamount-rise-malahide-county-dublin/4966780,3300,,1,1,Unknown
myhome.ie,"56 Dartmouth Square,, Ranelagh, Dublin 6",https://www.myhome.iehttps://www.myhome.ie/rentals/brochure/56-dartmouth-square-ranelagh-dublin-6/4904632,12000,,1,1,Unknown
myhome.ie,"2 Collinswood, Collins Avenue, Beaumont, Dublin 9",https://www.myhome.iehttps://www.myhome.ie/rentals/brochure/2-collinswood-collins-avenue-beaumont-dublin-9/4966179,3500,,1,1,Unknown
myhome.ie,"Chieftains Drive, Balbriggan, Co. Dublin",https://www.myhome.iehttps://www.myhome.ie/rentals/brochure/chieftains-drive-balbriggan-co-dublin/4966131,1800,,1,1,Unknown
myhome.ie,"Main St, Baldoyle, Dublin 13",https://www.myhome.iehttps://www.myhome.ie/rentals/brochure/main-st-baldoyle-dublin-13/4964934,4000,,1,1,Unknown
myhome.ie,"St Peters Road, Walkinstown, Dublin 12 (Double Room To Rent)",https://www.myhome.iehttps://www.myhome.ie/rentals/brochure/st-peters-road-walkinstown-dublin-12-double-room-to-rent/4965766,850,,1,1,Unknown
myhome.ie,"71 Dartmouth Terrace, Ranelagh, Dublin 6",https://www.myhome.iehttps://www.myhome.ie/rentals/brochure/71-dartmouth-terrace-ranelagh-dublin-6/4965742,4200,,1,1,Unknown
myhome.ie,"Wheatfields Crescent, Clondalkin, Dublin 22",https://www.myhome.iehttps://www.myhome.ie/rentals/brochure/wheatfields-crescent-clondalkin-dublin-22/4965453,2174,,1,1,Unknown
myhome.ie,"8 St James Avenue, Dublin 8, County Dublin",https://www.myhome.iehttps://www.myhome.ie/rentals/brochure/8-st-james-avenue-dublin-8-county-dublin/4965343,3600,,1,1,Unknown
myhome.ie,"Neilstown Avenue, Clondalkin, Dublin 22",https://www.myhome.iehttps://www.myhome.ie/rentals/brochure/neilstown-avenue-clondalkin-dublin-22/4964886,1800,,1,1,Unknown
myhome.ie,"11 Longford Villas, Sallynoggin, Co.Dublin A96 PN30",https://www.myhome.iehttps://www.myhome.ie/rentals/brochure/11-longford-villas-sallynoggin-co-dublin-a96-pn30/4964867,3000,,1,1,Unknown
myhome.ie,"Briarfield Road, Kilbarrack, Dublin 5",https://www.myhome.iehttps://www.myhome.ie/rentals/brochure/briarfield-road-kilbarrack-dublin-5/4964872,2700,,1,1,Unknown
myhome.ie,"Dunsoghly, Saint Margarets, Co. Dublin, St Margarets, Dublin",https://www.myhome.iehttps://www.myhome.ie/rentals/brochure/dunsoghly-saint-margarets-co-dublin-st-margarets-dublin/4964834,4000,,1,1,Unknown
myhome.ie,"Shielmartin Drive, Sutton, Dublin 13",https://www.myhome.iehttps://www.myhome.ie/rentals/brochure/shielmartin-drive-sutton-dublin-13/4963688,3750,,1,1,Unknown
myhome.ie,"Woodbrook Square, Castleknock, Dublin 15",https://www.myhome.iehttps://www.myhome.ie/rentals/brochure/woodbrook-square-castleknock-dublin-15/4963699,2200,,1,1,Unknown
myhome.ie,"Merchant Square, East Wall, Dublin 3",https://www.myhome.iehttps://www.myhome.ie/rentals/brochure/merchant-square-east-wall-dublin-3/4957603,2400,,1,1,Unknown
myhome.ie,"Dunsoghly, Saint Margaret's, Co. Dublin, Dublin County, Dublin",https://www.myhome.iehttps://www.myhome.ie/rentals/brochure/dunsoghly-saint-margaret-s-co-dublin-dublin-county-dublin/4962900,4200,,1,1,Unknown
myhome.ie,"SHORT TERM LET - Luttrellstown Way, Castleknock, Dublin 15",https://www.myhome.iehttps://www.myhome.ie/rentals/brochure/short-term-let-luttrellstown-way-castleknock-dublin-15/4956768,1950,,1,1,Unknown
myhome.ie,"Leo Street, Phibsborough, Dublin 7",https://www.myhome.iehttps://www.myhome.ie/rentals/brochure/leo-street-phibsborough-dublin-7/4962124,2350,,1,1,Unknown
myhome.ie,"Chieftain's Drive, Balbriggan, Co. Dublin",https://www.myhome.iehttps://www.myhome.ie/rentals/brochure/chieftain-s-drive-balbriggan-co-dublin/4961872,1800,,1,1,Unknown
myhome.ie,"17 Larkfield View, Clay Farm, Leopardstown, Dublin 18, County Dublin",https://www.myhome.iehttps://www.myhome.ie/rentals/brochure/17-larkfield-view-clay-farm-leopardstown-dublin-18-county-dublin/4961600,3750,,1,1,Unknown
myhome.ie,"St Joseph's Parade, Phibsborough, Dublin 7",https://www.myhome.iehttps://www.myhome.ie/rentals/brochure/st-joseph-s-parade-phibsborough-dublin-7/4960877,2350,,1,1,Unknown
myhome.ie,"Barnhill Place, Dalkey, County Dublin",https://www.myhome.iehttps://www.myhome.ie/rentals/brochure/barnhill-place-dalkey-county-dublin/4959793,7500,,1,1,Unknown
myhome.ie,"4 Village Gate, Dalkey, Dublin",https://www.myhome.iehttps://www.myhome.ie/rentals/brochure/4-village-gate-dalkey-dublin/4960597,3500,,1,1,Unknown
myhome.ie,"Dunsoghly, Saint Margaret's, Co. Dublin",https://www.myhome.iehttps://www.myhome.ie/rentals/brochure/dunsoghly-saint-margaret-s-co-dublin/4960459,5200,,1,1,Unknown
myhome.ie,"106 Sorrento Road, Dalkey, Dublin A96 H6Y3",https://www.myhome.iehttps://www.myhome.ie/rentals/brochure/106-sorrento-road-dalkey-dublin-a96-h6y3/4960035,3000,,1,1,Unknown
myhome.ie,"CLONSILLA ROAD, Clonsilla, Dublin 15",https://www.myhome.iehttps://www.myhome.ie/rentals/brochure/clonsilla-road-clonsilla-dublin-15/4960029,4600,,1,1,Unknown
myhome.ie,"Belfry Court, Citywest, Dublin 24",https://www.myhome.iehttps://www.myhome.ie/rentals/brochure/belfry-court-citywest-dublin-24/4959854,2400,,1,1,Unknown
myhome.ie,"Offington Avenue, Sutton, Dublin 13",https://www.myhome.iehttps://www.myhome.ie/rentals/brochure/offington-avenue-sutton-dublin-13/4958485,3750,,1,1,Unknown
myhome.ie,"22 Knocknacree Park, Dalkey, Co.Dublin A96 XOC8.",https://www.myhome.iehttps://www.myhome.ie/rentals/brochure/22-knocknacree-park-dalkey-co-dublin-a96-xoc8/4822402,5450,,1,1,Unknown
myhome.ie,"Oakcourt Park, Palmerstown, Dublin 20",https://www.myhome.iehttps://www.myhome.ie/rentals/brochure/oakcourt-park-palmerstown-dublin-20/4954648,2700,,1,1,Unknown
myhome.ie,"Oakcourt Park, Palmerstown, Dublin 20",https://www.myhome.iehttps://www.myhome.ie/rentals/brochure/oakcourt-park-palmerstown-dublin-20/4954632,2700,,1,1,Unknown
myhome.ie,"Rowan Walk, Kilcarbery, Dublin 22",https://www.myhome.iehttps://www.myhome.ie/rentals/brochure/rowan-walk-kilcarbery-dublin-22/4952851,4000,,1,1,Unknown
myhome.ie,"6 Elgin Road, Ballsbridge, Dublin 4",https://www.myhome.iehttps://www.myhome.ie/rentals/brochure/6-elgin-road-ballsbridge-dublin-4/4950795,,,1,1,Unknown
myhome.ie,"Russell Close, Tallaght, Dublin 24",https://www.myhome.iehttps://www.myhome.ie/rentals/brochure/russell-close-tallaght-dublin-24/4949600,2350,,1,1,Unknown
myhome.ie,"Esker Cottages, Lucan, Co. Dublin",https://www.myhome.iehttps://www.myhome.ie/rentals/brochure/esker-cottages-lucan-co-dublin/4949464,,,1,1,Unknown
myhome.ie,"Esker Cottages, Lucan, Co. Dublin",https://www.myhome.iehttps://www.myhome.ie/rentals/brochure/esker-cottages-lucan-co-dublin/4948443,6000,,1,1,Unknown
myhome.ie,"St James Road, Greenhills, Dublin 12 (Double Room To Rent)",https://www.myhome.iehttps://www.myhome.ie/rentals/brochure/st-james-road-greenhills-dublin-12-double-room-to-rent/4948175,800,,1,1,Unknown
myhome.ie,"Esker Cottages, Lucan, Co. Dublin",https://www.myhome.iehttps://www.myhome.ie/rentals/brochure/esker-cottages-lucan-co-dublin/4947859,6000,,1,1,Unknown
myhome.ie,"Commons Road, Clondalkin, Dublin 22",https://www.myhome.iehttps://www.myhome.ie/rentals/brochure/commons-road-clondalkin-dublin-22/4946561,2700,,1,1,Unknown
myhome.ie,"Bellgree Crescent, Tyrelstown, Dublin 15",https://www.myhome.iehttps://www.myhome.ie/rentals/brochure/bellgree-crescent-tyrelstown-dublin-15/4946160,2600,,1,1,Unknown
myhome.ie,"Parklands Terrace, Saggart, Co. Dublin",https://www.myhome.iehttps://www.myhome.ie/rentals/brochure/parklands-terrace-saggart-co-dublin/4946005,4000,,1,1,Unknown
myhome.ie,"Aisling, Newtown Upper, Rathcoole, Co. Dublin",https://www.myhome.iehttps://www.myhome.ie/rentals/brochure/aisling-newtown-upper-rathcoole-co-dublin/4943142,2700,,1,1,Unknown
myhome.ie,"Grants Cottage, Bohernabreena, Co. Dublin",https://www.myhome.iehttps://www.myhome.ie/rentals/brochure/grants-cottage-bohernabreena-co-dublin/4936114,3000,,1,1,Unknown
myhome.ie,"Beech Cottage, Peamount Road, Co.Dublin",https://www.myhome.iehttps://www.myhome.ie/rentals/brochure/beech-cottage-peamount-road-co-dublin/4935989,2300,,1,1,Unknown
myhome.ie,"Beech Cottage, Peamount Road, Co.Dublin",https://www.myhome.iehttps://www.myhome.ie/rentals/brochure/beech-cottage-peamount-road-co-dublin/4933174,2300,,1,1,Unknown
myhome.ie,"Naomh Ant√≥n, 129 Iveragh Road, Whitehall, Dublin 9, Co. Dublin",https://www.myhome.iehttps://www.myhome.ie/rentals/brochure/naomh-ant-n-129-iveragh-road-whitehall-dublin-9-co-dublin/4922334,7650,,1,1,Unknown
myhome.ie,"Greenore Terrace, Grand Canal Dock, Dublin 2",https://www.myhome.iehttps://www.myhome.ie/rentals/brochure/greenore-terrace-grand-canal-dock-dublin-2/4914070,2600,,1,1,Unknown
myhome.ie,"Thomas Davis Street West, Inchicore, Dublin 8",https://www.myhome.iehttps://www.myhome.ie/rentals/brochure/thomas-davis-street-west-inchicore-dublin-8/4907980,2500,,1,1,Unknown
myhome.ie,"Cappagh Green, Finglas, Dublin 11",https://www.myhome.iehttps://www.myhome.ie/rentals/brochure/cappagh-green-finglas-dublin-11/4901866,2500,,1,1,Unknown
myhome.ie,"Fairways Grove, Finglas, Dublin 11",https://www.myhome.iehttps://www.myhome.ie/rentals/brochure/fairways-grove-finglas-dublin-11/4901658,450,,1,1,Unknown
myhome.ie,"Castlegate Walk, Lucan, Co. Dublin",https://www.myhome.iehttps://www.myhome.ie/rentals/brochure/castlegate-walk-lucan-co-dublin/4898731,2350,,1,1,Unknown
myhome.ie,"Ravello, Sorrento Heights, Dalkey, Co. Dublin, Dalkey, Dublin",https://www.myhome.iehttps://www.myhome.ie/rentals/brochure/ravello-sorrento-heights-dalkey-co-dublin-dalkey-dublin/4765958,15950,,1,1,Unknown
myhome.ie,"Clonard Road, Crumlin, Dublin 12",https://www.myhome.iehttps://www.myhome.ie/rentals/brochure/clonard-road-crumlin-dublin-12/4886774,2100,,1,1,Unknown
myhome.ie,"Riverside Park, Clonshaugh, Dublin 17",https://www.myhome.iehttps://www.myhome.ie/rentals/brochure/riverside-park-clonshaugh-dublin-17/4871754,3500,,1,1,Unknown
myhome.ie,"Pinewood Park, Rathfarnham, Dublin 14",https://www.myhome.iehttps://www.myhome.ie/rentals/brochure/pinewood-park-rathfarnham-dublin-14/4857528,3200,,1,1,Unknown
myhome.ie,"Westbourne Drive, Clondalkin, Dublin 22",https://www.myhome.iehttps://www.myhome.ie/rentals/brochure/westbourne-drive-clondalkin-dublin-22/4836433,2300,,1,1,Unknown
myhome.ie,"2 Village Gate, Dalkey, Co Dublin A96 YE89",https://www.myhome.iehttps://www.myhome.ie/rentals/brochure/2-village-gate-dalkey-co-dublin-a96-ye89/4834731,2850,,1,1,Unknown
myhome.ie,"St Canices Road, Glasnevin, Dublin 11",https://www.myhome.iehttps://www.myhome.ie/rentals/brochure/st-canices-road-glasnevin-dublin-11/4833681,3400,,1,1,Unknown
myhome.ie,"Jameson Orchard, Malahide, Dublin",https://www.myhome.iehttps://www.myhome.ie/rentals/brochure/jameson-orchard-malahide-dublin/4832468,2759,,1,1,Unknown
myhome.ie,"Beechwood Avenue, Ranelagh, Dublin 6",https://www.myhome.iehttps://www.myhome.ie/rentals/brochure/beechwood-avenue-ranelagh-dublin-6/4831419,3060,,1,1,Unknown
myhome.ie,"Jameson Orchard, Malahide, Dublin",https://www.myhome.iehttps://www.myhome.ie/rentals/brochure/jameson-orchard-malahide-dublin/4829662,2759,,1,1,Unknown
myhome.ie,"7 Lindsay Road, Glasnevin, Dublin",https://www.myhome.iehttps://www.myhome.ie/rentals/brochure/7-lindsay-road-glasnevin-dublin/4799064,4500,,1,1,Unknown
myhome.ie,"Sullivan Street, Stoneybatter, Dublin 7",https://www.myhome.iehttps://www.myhome.ie/rentals/brochure/sullivan-street-stoneybatter-dublin-7/4798820,2044,,1,1,Unknown
myhome.ie,"31 The Crescent, Robswall, Malahide, Co. Dublin",https://www.myhome.iehttps://www.myhome.ie/rentals/brochure/31-the-crescent-robswall-malahide-co-dublin/4798509,3950,,1,1,Unknown
myhome.ie,"Tivoli Terrace, Dun Laoghaire, Dublin",https://www.myhome.iehttps://www.myhome.ie/rentals/brochure/tivoli-terrace-dun-laoghaire-dublin/4319797,8950,,1,1,Unknown
myhome.ie,"Prussia Street, Stoneybatter, Dublin 7",https://www.myhome.iehttps://www.myhome.ie/rentals/brochure/prussia-street-stoneybatter-dublin-7/4774581,1391,,1,1,Unknown
myhome.ie,"Casement Road, Finglas, Dublin 11",https://www.myhome.iehttps://www.myhome.ie/rentals/brochure/casement-road-finglas-dublin-11/4766877,2021,,1,1,Unknown
myhome.ie,"Carlton House, Swords, Co.Dublin",https://www.myhome.iehttps://www.myhome.ie/rentals/brochure/carlton-house-swords-co-dublin/4764960,2650,,1,1,Unknown
myhome.ie,"Castlecurragh Park, Mulhuddart, Dublin 15",https://www.myhome.iehttps://www.myhome.ie/rentals/brochure/castlecurragh-park-mulhuddart-dublin-15/4762912,2200,,1,1,Unknown
myhome.ie,"30 Priory Avenue, Blackrock, County Dublin",https://www.myhome.iehttps://www.myhome.ie/rentals/brochure/30-priory-avenue-blackrock-county-dublin/4762012,4140,,1,1,Unknown
myhome.ie,"Joyce Road, Lusk, Co. Dublin",https://www.myhome.iehttps://www.myhome.ie/rentals/brochure/joyce-road-lusk-co-dublin/4761697,2500,,1,1,Unknown
myhome.ie,"Cabra Park, Phibsborough, Dublin 7",https://www.myhome.iehttps://www.myhome.ie/rentals/brochure/cabra-park-phibsborough-dublin-7/4752677,1350,,1,1,Unknown
myhome.ie,"St. Marnocks Bay, The Avenue, Portmarnock, CODUBLIN",https://www.myhome.iehttps://www.myhome.ie/rentals/brochure/st-marnocks-bay-the-avenue-portmarnock-codublin/4731177,3380,,1,1,Unknown
myhome.ie,"Seagrave Drive, Finglas, Dublin 11",https://www.myhome.iehttps://www.myhome.ie/rentals/brochure/seagrave-drive-finglas-dublin-11/4715439,1540,,1,1,Unknown
myhome.ie,"64 Lansdowne Village, Ballsbridge, Dublin 4",https://www.myhome.iehttps://www.myhome.ie/rentals/brochure/64-lansdowne-village-ballsbridge-dublin-4/4679521,3264,,1,1,Unknown
myhome.ie,"Castle Walk, Catle Way, Cherrywood, CO. Dublin",https://www.myhome.iehttps://www.myhome.ie/rentals/brochure/castle-walk-catle-way-cherrywood-co-dublin/4632391,2750,,1,1,Unknown
myhome.ie,"Charlotte Apartments, Honeypark, Glenageary Road Upper, Dun Laoghaire",https://www.myhome.iehttps://www.myhome.ie/rentals/brochure/charlotte-apartments-honeypark-glenageary-road-upper-dun-laoghaire/4571780,3437,,1,1,Unknown
myhome.ie,"42 Barton Drive, Rathfarnham, Dublin 14",https://www.myhome.iehttps://www.myhome.ie/rentals/brochure/42-barton-drive-rathfarnham-dublin-14/4484598,2386,,1,1,Unknown
