source,job_title,company,location,url,salary_min,salary_max,salary_period,description
indeed.ie,Senior DevOps Engineer,UnitedHealth Group,"Dublin, County Dublin",https://ie.indeed.com/viewjob?jk=4151596c47a19df2,,,,
indeed.ie,Full Stack Developer,New Payment Innovation,"Hybrid work in Dublin, County Dublin",https://ie.indeed.com/viewjob?jk=fe2c901bba45e063,,,,
indeed.ie,Full Stack Developer,BWG Foods,"Hybrid work in Dublin, County Dublin",https://ie.indeed.com/viewjob?jk=e236c0ac48a92dea,,,,
indeed.ie,"Software Engineer III, Subscriptions",Rakuten Kobo,"Remote in Dublin, County Dublin",https://ie.indeed.com/viewjob?jk=518a0b4eca9cfce5,,,,
indeed.ie,BMS Software Engineer,Clear Engineering Recruitment,"Hybrid work in Dublin, County Dublin",https://ie.indeed.com/viewjob?jk=b0139f977b5b812d,,,,
indeed.ie,Power Apps Developer,Uniphar PLC,"Dublin, County Dublin",https://ie.indeed.com/viewjob?jk=5e19800ae59697cd,,,,
indeed.ie,Senior DevOps Engineer,MOOFWD LIMITED,"Dublin, County Dublin",https://ie.indeed.com/viewjob?jk=f0d3cdd7e412a6cd,,,,
indeed.ie,Sales Developer,BWG Foods,"Remote in Dublin, County Dublin",https://ie.indeed.com/viewjob?jk=2bbd77603f2b42fb,,,,
indeed.ie,Sales Developer,BWG Foods,"Remote in Dublin, County Dublin",https://ie.indeed.com/viewjob?jk=f1e2d3c4b5a67890,,,,
indeed.ie,Controls Automation Engineer (Life Science),GerTEK Project Management and Technical Services,Ireland,https://ie.indeed.com/viewjob?jk=a6b751015866e1e6,,,,
indeed.ie,Contracts Manager - Irish Developer,Breagh Recruitment,"Dublin, County Dublin",https://ie.indeed.com/viewjob?jk=d9369afc7909e85a,,,,
indeed.ie,Front-End Software Engineer - Ireland,Arista Networks,"Dublin, County Dublin",https://ie.indeed.com/viewjob?jk=745a5bb767dd833f,,,,
indeed.ie,Software Engineer Graduate 2025/2026,Arista Networks,"Dublin, County Dublin",https://ie.indeed.com/viewjob?jk=809a444a3f117924,,,,
indeed.ie,Frontend Engineer (React) - Dublin,Delta Capita,"Hybrid work in Dublin, County Dublin",https://ie.indeed.com/viewjob?jk=a784a16e05c998e1,,,,
indeed.ie,Software Engineer Intern 2025/2026,Arista Networks,"Dublin, County Dublin",https://ie.indeed.com/viewjob?jk=54b8a40771a077d4,,,,
indeed.ie,Frontend Software Engineer,Seapoint,"Hybrid work in Dublin, County Dublin",https://ie.indeed.com/viewjob?jk=1a4866e8e8af0d9a,,,,
